Algorithm,Case,Input Size,Execution Time
Bubble Sort,Random,100,0.00024833399999999936
Insertion Sort,Random,100,0.00018112500000000073
Selection Sort,Random,100,0.00011349999999999902
Shell Sort,Random,100,5.4666000000001824e-05
Merge Sort,Random,100,0.00010233299999999959
Quick Sort,Random,100,6.587499999999996e-05
Heap Sort,Random,100,8.937500000000265e-05
Radix Sort,Random,100,7.683399999999785e-05
TimSort,Random,100,5.3339999999992005e-06
Bubble Sort,Random,250,0.0013257089999999978
Insertion Sort,Random,250,0.0005887919999999977
Selection Sort,Random,250,0.000611417000000003
Shell Sort,Random,250,0.00012220799999999865
Merge Sort,Random,250,0.00024670899999999774
Quick Sort,Random,250,0.00015058400000000222
Heap Sort,Random,250,0.00026270899999999986
Radix Sort,Random,250,0.0001748339999999987
TimSort,Random,250,1.0584000000000982e-05
Bubble Sort,Random,500,0.005979208
Insertion Sort,Random,500,0.0030526249999999963
Selection Sort,Random,500,0.002685
Shell Sort,Random,500,0.00037991700000000045
Merge Sort,Random,500,0.0011553330000000014
Quick Sort,Random,500,0.00038849999999999996
Heap Sort,Random,500,0.0006732920000000059
Radix Sort,Random,500,0.00041933399999999343
TimSort,Random,500,2.69170000000013e-05
Bubble Sort,Random,1000,0.028318582999999994
Insertion Sort,Random,1000,0.013975500000000002
Selection Sort,Random,1000,0.01201270900000001
Shell Sort,Random,1000,0.0008138750000000056
Merge Sort,Random,1000,0.0010721669999999989
Quick Sort,Random,1000,0.0007501250000000043
Heap Sort,Random,1000,0.0014482499999999981
Radix Sort,Random,1000,0.0007658749999999992
TimSort,Random,1000,4.749999999999199e-05
Bubble Sort,Random,2500,0.19808312500000003
Insertion Sort,Random,2500,0.07876774999999997
Selection Sort,Random,2500,0.08115316700000003
Shell Sort,Random,2500,0.0029598750000000007
Merge Sort,Random,2500,0.0030774170000000267
Quick Sort,Random,2500,0.002001084000000042
Heap Sort,Random,2500,0.004094249999999966
Radix Sort,Random,2500,0.0019223750000000317
TimSort,Random,2500,0.00015495799999998283
Bubble Sort,Random,5000,0.7059959579999999
Insertion Sort,Random,5000,0.314717916
Selection Sort,Random,5000,0.28706058300000015
Shell Sort,Random,5000,0.006959708999999981
Merge Sort,Random,5000,0.006820916999999982
Quick Sort,Random,5000,0.004132374999999966
Heap Sort,Random,5000,0.008903957999999879
Radix Sort,Random,5000,0.004111833999999925
TimSort,Random,5000,0.0003034580000000897
Bubble Sort,Random,7500,1.5638722919999999
Insertion Sort,Random,7500,0.6881914999999998
Selection Sort,Random,7500,0.6514927500000001
Shell Sort,Random,7500,0.010753541999999783
Merge Sort,Random,7500,0.010399958000000709
Quick Sort,Random,7500,0.0065955000000004205
Heap Sort,Random,7500,0.014550166000000253
Radix Sort,Random,7500,0.006051166000000663
TimSort,Random,7500,0.0005681669999999528
Bubble Sort,Random,10000,2.808067084
Insertion Sort,Random,10000,1.2904857090000004
Selection Sort,Random,10000,1.1554897089999994
Shell Sort,Random,10000,0.015991749999999527
Merge Sort,Random,10000,0.014138833999998823
Quick Sort,Random,10000,0.009432834000000057
Heap Sort,Random,10000,0.020274167000000176
Radix Sort,Random,10000,0.007892500000000524
TimSort,Random,10000,0.0006353329999999602
Bubble Sort,Random,15000,6.323360584000001
Insertion Sort,Random,15000,2.8732010420000016
Selection Sort,Random,15000,2.617158374999999
Shell Sort,Random,15000,0.024475874999996705
Merge Sort,Random,15000,0.02224299999999957
Quick Sort,Random,15000,0.014297749999997222
Heap Sort,Random,15000,0.03199837500000058
Radix Sort,Random,15000,0.012206708000000788
TimSort,Random,15000,0.0010394589999975778
Bubble Sort,Random,20000,11.342957875
Insertion Sort,Random,20000,5.082323041000002
Selection Sort,Random,20000,4.699448916999998
Shell Sort,Random,20000,0.037856333000000575
Merge Sort,Random,20000,0.03045608400000077
Quick Sort,Random,20000,0.019178000000003692
Heap Sort,Random,20000,0.04406358399999988
Radix Sort,Random,20000,0.01670816699999733
TimSort,Random,20000,0.0014184169999964524
Bubble Sort,Sorted,100,0.00013270899999895391
Insertion Sort,Sorted,100,7.750000001749413e-06
Selection Sort,Sorted,100,0.0001212909999992462
Shell Sort,Sorted,100,2.8459000006364477e-05
Merge Sort,Sorted,100,6.937500000248065e-05
Quick Sort,Sorted,100,5.625000000009095e-05
Heap Sort,Sorted,100,0.0001091249999944921
Radix Sort,Sorted,100,3.933400000022402e-05
TimSort,Sorted,100,1.5840000031630552e-06
Bubble Sort,Sorted,250,0.0008425000000045202
Insertion Sort,Sorted,250,1.6125000001920853e-05
Selection Sort,Sorted,250,0.0006891250000009563
Shell Sort,Sorted,250,7.916599999902019e-05
Merge Sort,Sorted,250,0.00017808300000154986
Quick Sort,Sorted,250,0.00011950000000382488
Heap Sort,Sorted,250,0.0002977079999979537
Radix Sort,Sorted,250,0.00011975000000319369
TimSort,Sorted,250,1.6250000030026968e-06
Bubble Sort,Sorted,500,0.0036912089999958653
Insertion Sort,Sorted,500,3.395899999958374e-05
Selection Sort,Sorted,500,0.002881957999996132
Shell Sort,Sorted,500,0.0001639999999980546
Merge Sort,Sorted,500,0.0003662499999990132
Quick Sort,Sorted,500,0.0002495839999951954
Heap Sort,Sorted,500,0.0007455419999971014
Radix Sort,Sorted,500,0.00031587499999830015
TimSort,Sorted,500,2.7090000003227033e-06
Bubble Sort,Sorted,1000,0.014833457999998245
Insertion Sort,Sorted,1000,8.304199999997763e-05
Selection Sort,Sorted,1000,0.011925916000002701
Shell Sort,Sorted,1000,0.00038166599999556183
Merge Sort,Sorted,1000,0.0007533750000021655
Quick Sort,Sorted,1000,0.0005197079999987864
Heap Sort,Sorted,1000,0.0017339159999991693
Radix Sort,Sorted,1000,0.0004734579999947641
TimSort,Sorted,1000,1.0709000001440927e-05
Bubble Sort,Sorted,2500,0.09632287499999848
Insertion Sort,Sorted,2500,0.00015624999999630518
Selection Sort,Sorted,2500,0.07301120899999347
Shell Sort,Sorted,2500,0.0012233329999986609
Merge Sort,Sorted,2500,0.002028374999994753
Quick Sort,Sorted,2500,0.0014401660000018524
Heap Sort,Sorted,2500,0.004555207999999311
Radix Sort,Sorted,2500,0.0015466249999960269
TimSort,Sorted,2500,1.3834000000656488e-05
Bubble Sort,Sorted,5000,0.40001833299999845
Insertion Sort,Sorted,5000,0.0003378329999961238
Selection Sort,Sorted,5000,0.29650041600000066
Shell Sort,Sorted,5000,0.002727374999999199
Merge Sort,Sorted,5000,0.004555750000001524
Quick Sort,Sorted,5000,0.0029230829999988828
Heap Sort,Sorted,5000,0.009809124999996754
Radix Sort,Sorted,5000,0.0032970419999998057
TimSort,Sorted,5000,2.145799999908604e-05
Bubble Sort,Sorted,7500,0.9033665830000004
Insertion Sort,Sorted,7500,0.00045408300000104873
Selection Sort,Sorted,7500,0.6587965000000011
Shell Sort,Sorted,7500,0.003964250000002778
Merge Sort,Sorted,7500,0.006634249999997621
Quick Sort,Sorted,7500,0.00457720800000061
Heap Sort,Sorted,7500,0.015208917000002486
Radix Sort,Sorted,7500,0.004871375000000455
TimSort,Sorted,7500,3.0041000002256624e-05
Bubble Sort,Sorted,10000,1.6098826670000008
Insertion Sort,Sorted,10000,0.0006190000000003693
Selection Sort,Sorted,10000,1.1635230830000012
Shell Sort,Sorted,10000,0.005843042000002185
Merge Sort,Sorted,10000,0.0091002919999994
Quick Sort,Sorted,10000,0.006540417000003629
Heap Sort,Sorted,10000,0.02152854100000212
Radix Sort,Sorted,10000,0.0064502919999966934
TimSort,Sorted,10000,4.691600000228391e-05
Bubble Sort,Sorted,15000,3.6590529580000037
Insertion Sort,Sorted,15000,0.0009112500000014734
Selection Sort,Sorted,15000,2.657004833000002
Shell Sort,Sorted,15000,0.00884045800000166
Merge Sort,Sorted,15000,0.014006375000001015
Quick Sort,Sorted,15000,0.009532999999997571
Heap Sort,Sorted,15000,0.034077916999997626
Radix Sort,Sorted,15000,0.012117457999998749
TimSort,Sorted,15000,4.62090000041826e-05
Bubble Sort,Sorted,20000,6.552612875000001
Insertion Sort,Sorted,20000,0.0013245829999988246
Selection Sort,Sorted,20000,4.7159686669999985
Shell Sort,Sorted,20000,0.012839084000006551
Merge Sort,Sorted,20000,0.01951729099999966
Quick Sort,Sorted,20000,0.013802917000006687
Heap Sort,Sorted,20000,0.04573983299999895
Radix Sort,Sorted,20000,0.016034874999988347
TimSort,Sorted,20000,7.166599999663958e-05
Bubble Sort,Reversed,100,0.0003184170000025688
Insertion Sort,Reversed,100,0.00021233300000744748
Selection Sort,Reversed,100,0.00012979199999563207
Shell Sort,Reversed,100,4.641700000718174e-05
Merge Sort,Reversed,100,7.516600000201379e-05
Quick Sort,Reversed,100,5.5291999998985375e-05
Heap Sort,Reversed,100,9.737500000994714e-05
Radix Sort,Reversed,100,6.150000000104683e-05
TimSort,Reversed,100,1.8329999988964119e-06
Bubble Sort,Reversed,250,0.001838541999987342
Insertion Sort,Reversed,250,0.0012977909999989379
Selection Sort,Reversed,250,0.0007081669999990936
Shell Sort,Reversed,250,0.0001317909999869471
Merge Sort,Reversed,250,0.00019587500000284308
Quick Sort,Reversed,250,0.00011499999999387
Heap Sort,Reversed,250,0.00024924999999598185
Radix Sort,Reversed,250,0.00011945899998977438
TimSort,Reversed,250,1.7090000028474606e-06
Bubble Sort,Reversed,500,0.00831850000000145
Insertion Sort,Reversed,500,0.00566933399998959
Selection Sort,Reversed,500,0.003025082999997153
Shell Sort,Reversed,500,0.0003127920000025597
Merge Sort,Reversed,500,0.00038883400000599977
Quick Sort,Reversed,500,0.00026704100000074504
Heap Sort,Reversed,500,0.0005782079999931966
Radix Sort,Reversed,500,0.0002427919999945516
TimSort,Reversed,500,3.249999991794539e-06
Bubble Sort,Reversed,1000,0.03537970799999357
Insertion Sort,Reversed,1000,0.023527999999998883
Selection Sort,Reversed,1000,0.012332874999998467
Shell Sort,Reversed,1000,0.0006502920000031054
Merge Sort,Reversed,1000,0.0007937499999997044
Quick Sort,Reversed,1000,0.0005206659999998919
Heap Sort,Reversed,1000,0.0013400830000023234
Radix Sort,Reversed,1000,0.0006190000000003693
TimSort,Reversed,1000,5.125000001271474e-06
Bubble Sort,Reversed,2500,0.23235408300000415
Insertion Sort,Reversed,2500,0.14898487499999646
Selection Sort,Reversed,2500,0.07625512500000298
Shell Sort,Reversed,2500,0.0020157909999909407
Merge Sort,Reversed,2500,0.0021168749999986858
Quick Sort,Reversed,2500,0.0016116249999953425
Heap Sort,Reversed,2500,0.003843917000011743
Radix Sort,Reversed,2500,0.0016152919999967708
TimSort,Reversed,2500,8.209000000647393e-06
Bubble Sort,Reversed,5000,0.9572601250000048
Insertion Sort,Reversed,5000,0.6300086669999985
Selection Sort,Reversed,5000,0.3050377080000004
Shell Sort,Reversed,5000,0.004373375000000124
Merge Sort,Reversed,5000,0.004704250000003185
Quick Sort,Reversed,5000,0.0030648339999999052
Heap Sort,Reversed,5000,0.008982875000000945
Radix Sort,Reversed,5000,0.003284957999994731
TimSort,Reversed,5000,2.1500000002561137e-05
Bubble Sort,Reversed,7500,2.1543012079999926
Insertion Sort,Reversed,7500,1.4045296669999914
Selection Sort,Reversed,7500,0.6848209169999961
Shell Sort,Reversed,7500,0.006921957999992401
Merge Sort,Reversed,7500,0.006882042000000865
Quick Sort,Reversed,7500,0.004776333000009458
Heap Sort,Reversed,7500,0.013852708000001712
Radix Sort,Reversed,7500,0.004860875000005649
TimSort,Reversed,7500,2.6208000008409726e-05
Bubble Sort,Reversed,10000,3.8688170830000104
Insertion Sort,Reversed,10000,2.5587054580000057
Selection Sort,Reversed,10000,1.2122870419999998
Shell Sort,Reversed,10000,0.009744959000002495
Merge Sort,Reversed,10000,0.009854459000010252
Quick Sort,Reversed,10000,0.006603874999996151
Heap Sort,Reversed,10000,0.01980695799998955
Radix Sort,Reversed,10000,0.007978167000004532
TimSort,Reversed,10000,3.616600000100334e-05
Bubble Sort,Reversed,15000,8.700002125000012
Insertion Sort,Reversed,15000,5.656509999999997
Selection Sort,Reversed,15000,2.752503791999999
Shell Sort,Reversed,15000,0.015122708000006924
Merge Sort,Reversed,15000,0.014872499999995625
Quick Sort,Reversed,15000,0.010171665999990864
Heap Sort,Reversed,15000,0.030512665999992805
Radix Sort,Reversed,15000,0.011912416999990683
TimSort,Reversed,15000,4.9457999992341684e-05
Bubble Sort,Reversed,20000,15.48580029099999
Insertion Sort,Reversed,20000,10.298496749999998
Selection Sort,Reversed,20000,4.89582424999999
Shell Sort,Reversed,20000,0.02120074999999133
Merge Sort,Reversed,20000,0.020763083000019833
Quick Sort,Reversed,20000,0.014037709000007226
Heap Sort,Reversed,20000,0.04196262499999648
Radix Sort,Reversed,20000,0.016518125000004602
TimSort,Reversed,20000,6.183300001794123e-05
Bubble Sort,Nearly Sorted,100,0.00015841600000499056
Insertion Sort,Nearly Sorted,100,2.8166999982204288e-05
Selection Sort,Nearly Sorted,100,0.00011862499999892862
Shell Sort,Nearly Sorted,100,4.237499999248939e-05
Merge Sort,Nearly Sorted,100,8.629100000234757e-05
Quick Sort,Nearly Sorted,100,5.791699999235789e-05
Heap Sort,Nearly Sorted,100,0.00010637500000143518
Radix Sort,Nearly Sorted,100,4.208300001096177e-05
TimSort,Nearly Sorted,100,4.667000013114375e-06
Bubble Sort,Nearly Sorted,250,0.0008803329999977905
Insertion Sort,Nearly Sorted,250,6.633399999600442e-05
Selection Sort,Nearly Sorted,250,0.0006328749999795491
Shell Sort,Nearly Sorted,250,0.00010329200000569472
Merge Sort,Nearly Sorted,250,0.0001990829999840571
Quick Sort,Nearly Sorted,250,0.0001406669999823862
Heap Sort,Nearly Sorted,250,0.00030129199998896183
Radix Sort,Nearly Sorted,250,0.00011583299999529117
TimSort,Nearly Sorted,250,1.245799998628172e-05
Bubble Sort,Nearly Sorted,500,0.0038439589999939017
Insertion Sort,Nearly Sorted,500,0.0003715829999748621
Selection Sort,Nearly Sorted,500,0.002973542000006546
Shell Sort,Nearly Sorted,500,0.0002867499999865686
Merge Sort,Nearly Sorted,500,0.0004852090000042608
Quick Sort,Nearly Sorted,500,0.00033245800000258896
Heap Sort,Nearly Sorted,500,0.0006321669999920232
Radix Sort,Nearly Sorted,500,0.00024066600002470295
TimSort,Nearly Sorted,500,1.683400000729307e-05
Bubble Sort,Nearly Sorted,1000,0.017070582999991757
Insertion Sort,Nearly Sorted,1000,0.0018135830000005626
Selection Sort,Nearly Sorted,1000,0.012468708000000106
Shell Sort,Nearly Sorted,1000,0.0006292500000029122
Merge Sort,Nearly Sorted,1000,0.0009952910000095017
Quick Sort,Nearly Sorted,1000,0.0006331669999894984
Heap Sort,Nearly Sorted,1000,0.001541540999994595
Radix Sort,Nearly Sorted,1000,0.00047654100001182087
TimSort,Nearly Sorted,1000,3.4084000020584426e-05
Bubble Sort,Nearly Sorted,2500,0.10896945899997945
Insertion Sort,Nearly Sorted,2500,0.010246082999998407
Selection Sort,Nearly Sorted,2500,0.07416458400001602
Shell Sort,Nearly Sorted,2500,0.0022761669999908918
Merge Sort,Nearly Sorted,2500,0.00279987499999379
Quick Sort,Nearly Sorted,2500,0.0017516249999971478
Heap Sort,Nearly Sorted,2500,0.004437875000007807
Radix Sort,Nearly Sorted,2500,0.001588417000021991
TimSort,Nearly Sorted,2500,7.5541000001067e-05
Bubble Sort,Nearly Sorted,5000,0.44336016699998027
Insertion Sort,Nearly Sorted,5000,0.039871500000003834
Selection Sort,Nearly Sorted,5000,0.30057708399999683
Shell Sort,Nearly Sorted,5000,0.005456041999991612
Merge Sort,Nearly Sorted,5000,0.0063348340000004555
Quick Sort,Nearly Sorted,5000,0.003346166999989464
Heap Sort,Nearly Sorted,5000,0.009728166999991572
Radix Sort,Nearly Sorted,5000,0.0034237920000066424
TimSort,Nearly Sorted,5000,0.0001104999999768097
Bubble Sort,Nearly Sorted,7500,1.0090163749999874
Insertion Sort,Nearly Sorted,7500,0.08845429199999444
Selection Sort,Nearly Sorted,7500,0.6756117500000016
Shell Sort,Nearly Sorted,7500,0.008530833000008897
Merge Sort,Nearly Sorted,7500,0.00947579199998927
Quick Sort,Nearly Sorted,7500,0.005309665999988056
Heap Sort,Nearly Sorted,7500,0.015632541999991645
Radix Sort,Nearly Sorted,7500,0.004926750000009861
TimSort,Nearly Sorted,7500,0.00021750000001929948
Bubble Sort,Nearly Sorted,10000,1.806124374999996
Insertion Sort,Nearly Sorted,10000,0.17040037499998562
Selection Sort,Nearly Sorted,10000,1.1987368750000087
Shell Sort,Nearly Sorted,10000,0.012956166999998686
Merge Sort,Nearly Sorted,10000,0.013877207999996699
Quick Sort,Nearly Sorted,10000,0.006983750000017608
Heap Sort,Nearly Sorted,10000,0.022022249999992027
Radix Sort,Nearly Sorted,10000,0.007293374999989055
TimSort,Nearly Sorted,10000,0.0002762089999919226
Bubble Sort,Nearly Sorted,15000,4.237961250000012
Insertion Sort,Nearly Sorted,15000,0.36584700000000225
Selection Sort,Nearly Sorted,15000,2.813334124999983
Shell Sort,Nearly Sorted,15000,0.02135924999998906
Merge Sort,Nearly Sorted,15000,0.02054329200001348
Quick Sort,Nearly Sorted,15000,0.010862374999987878
Heap Sort,Nearly Sorted,15000,0.03428929199998265
Radix Sort,Nearly Sorted,15000,0.012404042000014215
TimSort,Nearly Sorted,15000,0.00037708299998939765
Bubble Sort,Nearly Sorted,20000,7.139669749999996
Insertion Sort,Nearly Sorted,20000,0.6624520409999946
Selection Sort,Nearly Sorted,20000,4.7308830839999985
Shell Sort,Nearly Sorted,20000,0.028406833999980563
Merge Sort,Nearly Sorted,20000,0.029357958000019835
Quick Sort,Nearly Sorted,20000,0.0146725829999923
Heap Sort,Nearly Sorted,20000,0.04681154200000037
Radix Sort,Nearly Sorted,20000,0.01780854099999374
TimSort,Nearly Sorted,20000,0.0005065830000035021
